serie,iteracion,puntos_corte,rmse_medio,tiempo
serie_1,1,"[11, 18, 26, 32, 42, 65, 105, 185]",2.523394,0.001088
serie_1,2,"[3, 12, 64, 112, 115, 128, 158, 165]",2.721781,0.000671
serie_1,3,"[26, 38, 60, 119, 125, 128, 146, 149]",2.394508,0.000607
serie_1,4,"[6, 30, 75, 101, 130, 141, 142, 180]",1.836096,0.000547
serie_1,5,"[1, 67, 85, 95, 129, 139, 155, 181]",2.322863,0.000566
serie_1,6,"[7, 23, 26, 46, 48, 56, 83, 146]",2.525471,0.000539
serie_1,7,"[13, 48, 93, 123, 142, 150, 162, 183]",1.547301,0.000566
serie_1,8,"[6, 7, 25, 26, 51, 75, 122, 123]",2.433084,0.000531
serie_1,9,"[12, 18, 77, 92, 110, 143, 174, 184]",1.840421,0.000549
serie_1,10,"[12, 16, 23, 65, 136, 162, 177, 185]",2.364347,0.000631
serie_1,11,"[4, 22, 23, 25, 36, 130, 161, 199]",2.530141,0.000651
serie_1,12,"[9, 23, 127, 132, 161, 174, 177, 193]",2.388629,0.000601
serie_1,13,"[5, 47, 98, 107, 108, 119, 176, 187]",2.122536,0.000684
serie_1,14,"[28, 30, 39, 62, 76, 84, 113, 126]",2.201887,0.000619
serie_1,15,"[3, 7, 68, 83, 106, 157, 190, 199]",2.568777,0.000592
serie_1,16,"[7, 32, 45, 94, 112, 141, 162, 183]",1.519379,0.000550
serie_1,17,"[7, 27, 92, 110, 118, 133, 141, 147]",2.420792,0.000589
serie_1,18,"[82, 91, 102, 124, 149, 150, 156, 162]",2.397448,0.000550
serie_1,19,"[9, 26, 56, 102, 110, 113, 153, 166]",1.931639,0.000563
serie_1,20,"[5, 16, 44, 93, 96, 139, 143, 182]",2.405787,0.000567
serie_1,21,"[24, 45, 51, 96, 101, 103, 122, 167]",1.869273,0.000544
serie_1,22,"[43, 44, 47, 56, 105, 122, 158, 191]",2.018080,0.000555
serie_1,23,"[4, 24, 63, 71, 73, 112, 145, 172]",1.853638,0.000540
serie_1,24,"[16, 31, 44, 66, 89, 141, 175, 198]",2.068718,0.000561
serie_1,25,"[1, 6, 12, 40, 89, 138, 172, 186]",2.526743,0.000536
serie_1,26,"[4, 46, 49, 88, 93, 103, 112, 156]",2.084259,0.000578
serie_1,27,"[44, 79, 107, 109, 134, 146, 154, 174]",1.705339,0.000513
serie_1,28,"[12, 19, 47, 49, 55, 140, 174, 179]",2.483226,0.000564
serie_1,29,"[30, 47, 53, 67, 110, 119, 185, 197]",2.524691,0.000550
serie_1,30,"[22, 34, 48, 76, 80, 129, 162, 193]",1.647312,0.000525
serie_1,31,"[12, 31, 41, 44, 71, 123, 163, 165]",2.027983,0.000589
serie_1,32,"[18, 49, 52, 55, 57, 63, 114, 169]",2.787453,0.000532
serie_1,33,"[21, 42, 82, 100, 145, 163, 183, 194]",1.725764,0.000551
serie_1,34,"[48, 68, 92, 112, 122, 176, 182, 195]",1.743822,0.000525
serie_1,35,"[1, 26, 66, 110, 139, 157, 163, 187]",1.866564,0.000551
serie_1,36,"[78, 109, 131, 138, 143, 159, 174, 198]",2.257847,0.000528
serie_1,37,"[8, 15, 39, 62, 81, 108, 115, 191]",2.225034,0.000543
serie_1,38,"[10, 24, 28, 64, 126, 141, 142, 146]",2.418481,0.000643
serie_1,39,"[7, 33, 36, 77, 126, 133, 166, 171]",1.749212,0.000625
serie_1,40,"[1, 11, 23, 45, 75, 125, 194, 195]",2.473758,0.000562
serie_1,41,"[37, 45, 56, 57, 66, 73, 152, 182]",2.406430,0.000557
serie_1,42,"[26, 34, 51, 67, 130, 172, 178, 195]",2.026677,0.000536
serie_1,43,"[21, 76, 98, 108, 128, 131, 132, 174]",1.824886,0.000526
serie_1,44,"[34, 59, 101, 142, 165, 176, 196, 197]",1.662175,0.000535
serie_1,45,"[19, 22, 37, 115, 116, 159, 161, 165]",2.802382,0.000543
serie_1,46,"[7, 15, 115, 125, 135, 144, 161, 199]",2.614610,0.000587
serie_1,47,"[32, 54, 89, 102, 108, 112, 114, 120]",2.379818,0.000573
serie_1,48,"[8, 33, 51, 53, 56, 124, 133, 138]",2.819979,0.000543
serie_1,49,"[43, 68, 108, 115, 125, 139, 156, 199]",1.872932,0.000549
serie_1,50,"[45, 69, 74, 95, 120, 140, 145, 174]",1.494580,0.000537
serie_1,51,"[1, 40, 88, 122, 133, 158, 170, 198]",2.124662,0.000549
serie_1,52,"[5, 78, 81, 82, 90, 122, 146, 170]",2.364669,0.000546
serie_1,53,"[41, 53, 80, 122, 124, 127, 155, 162]",1.729585,0.000536
serie_1,54,"[78, 99, 108, 153, 171, 176, 187, 189]",2.416748,0.000545
serie_1,55,"[19, 29, 42, 43, 97, 118, 148, 197]",2.108454,0.000533
serie_1,56,"[21, 145, 150, 159, 164, 167, 189, 197]",2.784194,0.000547
serie_1,57,"[32, 51, 67, 94, 120, 148, 151, 161]",1.526223,0.000539
serie_1,58,"[9, 41, 61, 63, 140, 158, 180, 196]",2.246086,0.000548
serie_1,59,"[21, 49, 59, 104, 135, 161, 182, 187]",1.600409,0.000546
serie_1,60,"[71, 86, 143, 150, 156, 174, 180, 189]",2.848110,0.000631
serie_1,61,"[23, 29, 116, 123, 138, 139, 156, 160]",2.477613,0.000639
serie_1,62,"[9, 37, 93, 113, 116, 150, 184, 188]",2.299136,0.000558
serie_1,63,"[2, 4, 23, 96, 134, 153, 180, 197]",2.496461,0.000543
serie_1,64,"[39, 69, 75, 77, 85, 92, 104, 176]",2.370524,0.000535
serie_1,65,"[17, 27, 42, 63, 110, 118, 153, 172]",2.075509,0.000549
serie_1,66,"[21, 57, 91, 110, 117, 133, 138, 176]",1.644828,0.000551
serie_1,67,"[93, 107, 147, 158, 170, 176, 188, 189]",2.389118,0.000634
serie_1,68,"[7, 69, 78, 91, 92, 103, 172, 187]",2.901202,0.000564
serie_1,69,"[2, 86, 120, 123, 144, 163, 176, 183]",2.284500,0.000535
serie_1,70,"[45, 65, 68, 74, 113, 116, 157, 187]",2.028001,0.000576
serie_1,71,"[27, 28, 43, 51, 82, 97, 111, 179]",2.275711,0.000529
serie_1,72,"[31, 36, 44, 98, 99, 101, 117, 137]",2.581792,0.000552
serie_1,73,"[33, 98, 109, 120, 174, 182, 187, 189]",2.639691,0.000531
serie_1,74,"[3, 10, 54, 104, 120, 136, 176, 190]",2.024644,0.000579
serie_1,75,"[17, 89, 102, 114, 123, 164, 197, 199]",2.461161,0.000575
serie_1,76,"[42, 43, 44, 93, 108, 139, 183, 199]",2.354222,0.000543
serie_1,77,"[1, 62, 70, 104, 106, 117, 124, 152]",2.422856,0.000559
serie_1,78,"[13, 79, 84, 94, 137, 141, 159, 188]",2.417513,0.000542
serie_1,79,"[42, 43, 51, 75, 85, 127, 128, 157]",1.874509,0.000549
serie_1,80,"[43, 53, 54, 85, 131, 141, 164, 172]",1.944127,0.000533
serie_1,81,"[14, 34, 36, 37, 47, 61, 151, 160]",2.439006,0.000549
serie_1,82,"[26, 36, 83, 106, 129, 149, 184, 198]",2.019130,0.000536
serie_1,83,"[11, 45, 58, 59, 84, 105, 111, 154]",1.669832,0.000553
serie_1,84,"[38, 63, 64, 77, 93, 103, 116, 197]",2.394812,0.000550
serie_1,85,"[44, 50, 71, 74, 151, 155, 189, 198]",2.380725,0.000540
serie_1,86,"[1, 21, 40, 88, 129, 149, 157, 184]",2.179031,0.000547
serie_1,87,"[25, 56, 58, 64, 78, 119, 165, 194]",1.958660,0.000536
serie_1,88,"[14, 17, 25, 33, 87, 126, 181, 193]",2.528088,0.000546
serie_1,89,"[11, 63, 77, 102, 107, 119, 159, 173]",2.404676,0.000536
serie_1,90,"[11, 21, 38, 79, 89, 138, 139, 195]",2.800311,0.000552
serie_1,91,"[8, 94, 124, 134, 137, 180, 185, 189]",2.720833,0.000616
serie_1,92,"[39, 49, 69, 103, 112, 150, 176, 188]",1.765278,0.000549
serie_1,93,"[5, 12, 44, 61, 71, 101, 133, 180]",1.810789,0.000559
serie_1,94,"[15, 18, 56, 89, 106, 129, 133, 173]",1.669662,0.000549
serie_1,95,"[14, 18, 57, 70, 119, 123, 130, 167]",2.152053,0.000525
serie_1,96,"[43, 58, 120, 121, 128, 137, 159, 167]",2.401532,0.000571
serie_1,97,"[24, 25, 82, 115, 146, 179, 186, 187]",2.001817,0.000636
serie_1,98,"[4, 6, 79, 146, 158, 163, 181, 184]",2.931727,0.000539
serie_1,99,"[25, 52, 63, 68, 83, 101, 139, 147]",1.799840,0.000574
serie_1,100,"[3, 72, 76, 79, 85, 118, 142, 195]",2.680747,0.000542
serie_2,1,"[45, 216, 238, 301, 314, 343, 404, 413, 438]",1.751544,0.000763
serie_2,2,"[16, 68, 119, 192, 205, 343, 422, 434, 497]",1.805232,0.000678
serie_2,3,"[86, 118, 212, 294, 296, 300, 380, 434, 478]",1.534718,0.000706
serie_2,4,"[1, 68, 69, 76, 113, 120, 405, 418, 487]",1.999825,0.000740
serie_2,5,"[60, 121, 130, 307, 312, 403, 417, 443, 480]",1.783421,0.000767
serie_2,6,"[19, 224, 234, 259, 313, 315, 322, 431, 432]",2.191452,0.000700
serie_2,7,"[13, 69, 163, 202, 223, 286, 316, 401, 417]",1.429417,0.000669
serie_2,8,"[26, 71, 175, 229, 248, 304, 338, 393, 417]",1.567732,0.000662
serie_2,9,"[56, 116, 162, 260, 319, 368, 382, 407, 408]",1.516631,0.000695
serie_2,10,"[24, 57, 120, 231, 249, 364, 383, 466, 496]",1.928101,0.000704
serie_2,11,"[88, 140, 142, 150, 225, 231, 242, 409, 473]",1.879593,0.000675
serie_2,12,"[29, 101, 177, 276, 313, 335, 402, 435, 490]",1.674711,0.000654
serie_2,13,"[58, 84, 136, 150, 211, 215, 299, 422, 435]",1.775115,0.000655
serie_2,14,"[153, 157, 160, 174, 256, 273, 297, 338, 386]",2.061555,0.000660
serie_2,15,"[5, 42, 170, 205, 213, 282, 368, 448, 483]",1.706655,0.000653
serie_2,16,"[123, 313, 320, 360, 415, 420, 421, 431, 445]",2.013822,0.000699
serie_2,17,"[93, 121, 142, 178, 202, 214, 323, 360, 398]",1.786490,0.000679
serie_2,18,"[43, 145, 169, 230, 324, 331, 340, 410, 412]",1.780180,0.000668
serie_2,19,"[19, 133, 144, 226, 229, 370, 391, 456, 463]",2.203197,0.000662
serie_2,20,"[100, 137, 189, 245, 247, 252, 402, 459, 493]",1.886862,0.000696
serie_2,21,"[27, 48, 175, 237, 358, 415, 468, 470, 495]",1.728291,0.000776
serie_2,22,"[41, 92, 132, 159, 194, 240, 265, 274, 350]",1.752574,0.000689
serie_2,23,"[1, 46, 93, 102, 205, 318, 354, 359, 410]",1.678226,0.000696
serie_2,24,"[48, 103, 127, 190, 210, 225, 272, 368, 426]",1.545620,0.000676
serie_2,25,"[12, 21, 210, 276, 286, 295, 301, 396, 428]",1.857894,0.000663
serie_2,26,"[18, 150, 206, 275, 290, 352, 375, 472, 495]",2.019872,0.000674
serie_2,27,"[16, 81, 189, 196, 390, 412, 450, 456, 492]",1.944267,0.000934
serie_2,28,"[30, 118, 169, 195, 243, 245, 251, 324, 483]",1.983381,0.000684
serie_2,29,"[11, 102, 154, 281, 282, 283, 321, 329, 345]",2.020146,0.000654
serie_2,30,"[3, 24, 28, 126, 173, 214, 263, 435, 451]",2.049823,0.000663
serie_2,31,"[25, 52, 79, 107, 152, 273, 301, 394, 496]",1.732355,0.000664
serie_2,32,"[81, 161, 207, 267, 268, 269, 337, 419, 487]",1.673527,0.000651
serie_2,33,"[110, 159, 162, 172, 253, 258, 276, 331, 410]",1.681045,0.000678
serie_2,34,"[80, 91, 104, 170, 208, 327, 419, 436, 465]",1.919140,0.000654
serie_2,35,"[12, 94, 137, 160, 197, 225, 247, 257, 405]",1.835979,0.000642
serie_2,36,"[45, 69, 103, 174, 186, 322, 372, 435, 496]",1.643625,0.000643
serie_2,37,"[58, 94, 181, 188, 201, 227, 330, 399, 433]",1.762589,0.000639
serie_2,38,"[29, 76, 119, 155, 186, 342, 438, 463, 476]",1.791850,0.000639
serie_2,39,"[129, 173, 215, 241, 249, 299, 337, 368, 441]",1.691435,0.000653
serie_2,40,"[105, 116, 180, 229, 249, 314, 321, 356, 465]",1.640738,0.000708
serie_2,41,"[6, 40, 60, 97, 140, 208, 215, 369, 427]",1.815748,0.000639
serie_2,42,"[161, 165, 244, 299, 318, 414, 443, 453, 495]",1.959410,0.000654
serie_2,43,"[33, 35, 55, 99, 111, 198, 227, 376, 493]",2.003321,0.000652
serie_2,44,"[86, 115, 246, 253, 279, 297, 340, 420, 466]",1.768744,0.000669
serie_2,45,"[58, 96, 111, 220, 343, 372, 375, 403, 426]",1.888016,0.000740
serie_2,46,"[55, 66, 107, 116, 206, 271, 286, 394, 431]",1.570716,0.000728
serie_2,47,"[16, 42, 64, 135, 431, 479, 492, 493, 499]",2.016126,0.000690
serie_2,48,"[172, 214, 226, 260, 263, 281, 298, 373, 423]",1.825568,0.000682
serie_2,49,"[50, 76, 78, 79, 133, 155, 164, 244, 328]",1.837136,0.000674
serie_2,50,"[23, 38, 161, 165, 207, 323, 391, 457, 498]",1.961564,0.000666
serie_2,51,"[8, 31, 47, 125, 239, 293, 461, 473, 496]",2.038986,0.000660
serie_2,52,"[5, 55, 103, 198, 271, 363, 409, 462, 475]",1.564622,0.000688
serie_2,53,"[12, 16, 129, 186, 196, 214, 244, 353, 427]",1.874220,0.000668
serie_2,54,"[69, 90, 128, 129, 201, 365, 381, 437, 487]",1.741877,0.000652
serie_2,55,"[11, 70, 83, 231, 234, 249, 285, 292, 331]",1.984343,0.000669
serie_2,56,"[25, 34, 47, 67, 74, 101, 116, 258, 490]",2.191882,0.000684
serie_2,57,"[36, 185, 188, 247, 294, 366, 434, 478, 489]",1.742372,0.000656
serie_2,58,"[53, 165, 192, 194, 231, 271, 292, 303, 420]",1.748869,0.000665
serie_2,59,"[86, 171, 252, 283, 303, 357, 421, 432, 463]",1.570830,0.000662
serie_2,60,"[82, 110, 176, 225, 226, 426, 434, 452, 458]",1.894352,0.000652
serie_2,61,"[4, 96, 146, 247, 251, 279, 327, 454, 462]",1.801464,0.000667
serie_2,62,"[63, 88, 157, 280, 316, 339, 404, 405, 495]",1.798936,0.000664
serie_2,63,"[33, 70, 105, 128, 193, 244, 302, 437, 441]",1.739126,0.000661
serie_2,64,"[52, 138, 190, 228, 289, 308, 324, 355, 421]",1.403776,0.000710
serie_2,65,"[50, 61, 72, 74, 335, 419, 445, 461, 495]",2.084356,0.000660
serie_2,66,"[1, 99, 178, 233, 238, 250, 253, 321, 484]",1.899345,0.000638
serie_2,67,"[36, 136, 202, 248, 271, 295, 381, 396, 474]",1.757804,0.000643
serie_2,68,"[25, 46, 122, 237, 238, 276, 294, 395, 406]",1.803315,0.000639
serie_2,69,"[3, 94, 108, 180, 259, 275, 303, 317, 374]",1.792207,0.000708
serie_2,70,"[76, 88, 165, 226, 326, 362, 406, 427, 451]",1.694299,0.000735
serie_2,71,"[14, 86, 107, 189, 216, 274, 280, 295, 457]",1.640600,0.000676
serie_2,72,"[6, 25, 44, 72, 95, 175, 220, 325, 402]",1.815320,0.000646
serie_2,73,"[4, 59, 115, 194, 249, 309, 311, 359, 402]",1.480224,0.000677
serie_2,74,"[76, 79, 105, 324, 349, 356, 387, 417, 418]",1.921902,0.000693
serie_2,75,"[39, 112, 128, 192, 324, 355, 370, 414, 461]",1.727409,0.000681
serie_2,76,"[31, 44, 48, 69, 179, 253, 315, 351, 400]",1.696130,0.000658
serie_2,77,"[68, 155, 159, 171, 209, 251, 256, 390, 455]",1.912126,0.000677
serie_2,78,"[40, 102, 144, 266, 294, 316, 320, 369, 410]",1.599139,0.000666
serie_2,79,"[17, 19, 60, 99, 147, 263, 296, 330, 372]",1.845106,0.000654
serie_2,80,"[35, 74, 140, 181, 254, 400, 451, 481, 490]",1.808735,0.000671
serie_2,81,"[26, 106, 122, 208, 252, 418, 484, 491, 496]",1.907149,0.000660
serie_2,82,"[170, 204, 335, 375, 389, 412, 475, 491, 496]",2.042826,0.000651
serie_2,83,"[27, 67, 70, 146, 155, 184, 205, 207, 370]",2.035095,0.000665
serie_2,84,"[56, 67, 276, 327, 359, 413, 455, 470, 473]",1.791699,0.000658
serie_2,85,"[116, 182, 213, 265, 319, 414, 434, 475, 496]",1.669939,0.000652
serie_2,86,"[29, 76, 329, 359, 368, 391, 407, 440, 494]",1.876933,0.000658
serie_2,87,"[91, 112, 129, 263, 282, 296, 403, 405, 441]",1.775233,0.000662
serie_2,88,"[94, 108, 192, 241, 248, 290, 371, 400, 421]",1.533235,0.000648
serie_2,89,"[18, 33, 127, 216, 217, 234, 291, 332, 412]",1.862824,0.000701
serie_2,90,"[147, 187, 247, 281, 313, 328, 351, 438, 456]",1.804294,0.000664
serie_2,91,"[44, 181, 183, 219, 295, 308, 444, 460, 461]",1.987488,0.000663
serie_2,92,"[63, 100, 133, 176, 285, 330, 408, 430, 469]",1.672232,0.000663
serie_2,93,"[120, 212, 227, 285, 317, 388, 468, 488, 490]",1.874298,0.000714
serie_2,94,"[50, 122, 212, 306, 337, 352, 400, 443, 491]",1.655833,0.000760
serie_2,95,"[19, 47, 110, 256, 285, 294, 387, 469, 493]",1.877950,0.000668
serie_2,96,"[12, 29, 40, 95, 97, 119, 248, 342, 486]",2.004065,0.000683
serie_2,97,"[71, 110, 137, 153, 228, 236, 238, 329, 404]",1.745279,0.000666
serie_2,98,"[164, 246, 275, 323, 389, 432, 436, 480, 499]",1.753458,0.000655
serie_2,99,"[76, 140, 179, 270, 276, 297, 424, 460, 463]",1.881769,0.000680
serie_2,100,"[219, 237, 249, 265, 310, 319, 416, 417, 449]",2.041716,0.000701
serie_3,1,"[50, 55, 81, 109, 149, 214, 242, 291, 306, 342, 348, 366, 437, 575, 696, 707, 749, 842, 948]",0.961122,0.001236
serie_3,2,"[68, 176, 204, 282, 319, 364, 367, 443, 484, 581, 594, 680, 686, 690, 697, 725, 875, 964, 995]",0.964403,0.001069
serie_3,3,"[1, 48, 55, 236, 383, 390, 480, 488, 553, 569, 671, 700, 725, 730, 781, 816, 842, 951, 981]",0.960900,0.001107
serie_3,4,"[16, 73, 76, 84, 96, 193, 231, 239, 285, 320, 436, 470, 498, 522, 593, 720, 885, 943, 966]",0.957195,0.001067
serie_3,5,"[38, 146, 198, 231, 367, 377, 431, 449, 483, 557, 627, 658, 675, 693, 705, 739, 785, 818, 833]",0.958243,0.001053
serie_3,6,"[34, 96, 100, 186, 245, 295, 330, 333, 353, 400, 401, 492, 562, 570, 618, 622, 652, 692, 733]",0.963410,0.001038
serie_3,7,"[7, 92, 160, 220, 231, 240, 249, 284, 405, 412, 467, 631, 698, 734, 831, 835, 841, 850, 960]",0.963530,0.001097
serie_3,8,"[78, 116, 172, 193, 312, 343, 380, 393, 468, 590, 630, 677, 703, 709, 823, 918, 939, 951, 976]",0.956170,0.001090
serie_3,9,"[103, 132, 139, 222, 228, 263, 370, 535, 560, 593, 605, 619, 692, 698, 848, 884, 933, 950, 997]",0.962998,0.001065
serie_3,10,"[12, 27, 64, 126, 213, 243, 299, 330, 359, 454, 659, 665, 666, 668, 687, 777, 802, 831, 845]",0.960565,0.001046
serie_3,11,"[112, 165, 239, 303, 337, 349, 395, 491, 507, 532, 559, 587, 696, 738, 860, 923, 926, 951, 958]",0.963020,0.001078
serie_3,12,"[11, 359, 364, 402, 423, 447, 454, 527, 557, 590, 650, 706, 722, 750, 770, 825, 906, 911, 994]",0.958404,0.001125
serie_3,13,"[27, 93, 145, 146, 213, 239, 299, 418, 426, 454, 565, 617, 669, 670, 672, 722, 839, 868, 998]",0.956659,0.001104
serie_3,14,"[52, 132, 151, 218, 230, 240, 307, 312, 315, 331, 347, 368, 387, 574, 626, 627, 686, 826, 887]",0.960799,0.001073
serie_3,15,"[63, 73, 139, 140, 168, 189, 217, 234, 286, 358, 617, 704, 733, 770, 771, 801, 898, 914, 997]",0.964167,0.001061
serie_3,16,"[63, 96, 112, 141, 156, 167, 225, 238, 243, 334, 458, 490, 625, 627, 680, 724, 737, 862, 970]",0.963367,0.001040
serie_3,17,"[73, 141, 152, 234, 249, 405, 431, 455, 530, 560, 742, 750, 782, 815, 818, 829, 879, 963, 979]",0.957750,0.001031
serie_3,18,"[55, 127, 165, 175, 222, 241, 301, 360, 389, 439, 479, 490, 523, 571, 581, 636, 639, 683, 965]",0.961384,0.001030
serie_3,19,"[8, 68, 125, 156, 249, 331, 426, 506, 568, 650, 660, 768, 810, 817, 848, 874, 892, 905, 948]",0.954928,0.001024
serie_3,20,"[11, 31, 118, 143, 148, 160, 311, 317, 397, 405, 425, 509, 739, 777, 792, 806, 860, 885, 983]",0.957427,0.001023
serie_3,21,"[35, 101, 190, 218, 285, 298, 388, 411, 455, 566, 593, 649, 746, 778, 893, 907, 926, 929, 974]",0.957148,0.001035
serie_3,22,"[61, 74, 127, 263, 285, 354, 378, 474, 581, 614, 662, 679, 745, 790, 807, 869, 884, 908, 951]",0.960189,0.001029
serie_3,23,"[10, 125, 139, 201, 234, 276, 295, 331, 344, 477, 495, 647, 697, 747, 751, 758, 804, 869, 987]",0.958886,0.001083
serie_3,24,"[9, 14, 34, 40, 56, 132, 168, 313, 331, 436, 462, 583, 711, 802, 862, 873, 914, 925, 992]",0.958181,0.001065
serie_3,25,"[162, 174, 226, 305, 325, 400, 518, 535, 625, 684, 801, 805, 831, 834, 848, 858, 872, 902, 998]",0.959925,0.001056
serie_3,26,"[14, 101, 178, 207, 262, 291, 368, 374, 405, 565, 585, 627, 631, 675, 800, 824, 862, 982, 999]",0.957144,0.001060
serie_3,27,"[123, 194, 215, 297, 310, 315, 348, 376, 386, 391, 405, 458, 468, 556, 585, 729, 797, 980, 993]",0.958339,0.001203
serie_3,28,"[29, 45, 58, 141, 142, 184, 243, 276, 386, 392, 436, 573, 709, 789, 859, 869, 873, 961, 978]",0.955573,0.001119
serie_3,29,"[139, 148, 270, 331, 366, 388, 391, 409, 443, 514, 537, 570, 690, 698, 830, 847, 907, 929, 955]",0.957863,0.001055
serie_3,30,"[42, 71, 103, 274, 300, 318, 331, 360, 363, 426, 471, 539, 621, 667, 759, 832, 870, 941, 997]",0.959408,0.001051
serie_3,31,"[7, 24, 94, 110, 181, 211, 321, 322, 392, 431, 493, 546, 730, 793, 894, 908, 935, 950, 995]",0.955782,0.001050
serie_3,32,"[67, 73, 77, 82, 87, 135, 183, 208, 248, 261, 419, 514, 536, 573, 613, 758, 779, 799, 990]",0.963196,0.001045
serie_3,33,"[48, 121, 126, 223, 296, 486, 536, 605, 656, 689, 694, 724, 727, 789, 838, 843, 852, 958, 988]",0.960721,0.001024
serie_3,34,"[14, 18, 124, 257, 264, 275, 305, 332, 376, 517, 520, 600, 682, 687, 718, 903, 916, 970, 988]",0.955712,0.001032
serie_3,35,"[67, 77, 120, 150, 236, 260, 314, 398, 429, 514, 580, 615, 649, 674, 710, 711, 714, 771, 870]",0.955453,0.001025
serie_3,36,"[18, 108, 157, 162, 167, 177, 222, 255, 374, 382, 415, 536, 542, 603, 696, 755, 787, 803, 804]",0.961083,0.001039
serie_3,37,"[17, 78, 109, 112, 150, 175, 217, 249, 279, 287, 294, 324, 699, 736, 836, 880, 924, 959, 969]",0.959056,0.001037
serie_3,38,"[15, 68, 72, 101, 181, 230, 326, 340, 359, 375, 389, 466, 474, 545, 672, 908, 953, 965, 980]",0.952811,0.001032
serie_3,39,"[53, 90, 93, 201, 203, 237, 332, 342, 419, 479, 579, 580, 667, 701, 714, 797, 808, 824, 857]",0.963047,0.001129
serie_3,40,"[152, 159, 182, 242, 269, 286, 319, 327, 364, 374, 388, 403, 528, 529, 537, 545, 570, 691, 858]",0.963881,0.001053
serie_3,41,"[222, 255, 277, 297, 425, 494, 508, 562, 567, 591, 598, 632, 777, 881, 887, 889, 935, 955, 974]",0.955383,0.001041
serie_3,42,"[12, 172, 179, 192, 233, 255, 316, 371, 376, 394, 584, 667, 700, 845, 869, 911, 936, 960, 988]",0.961089,0.001185
serie_3,43,"[23, 24, 55, 73, 117, 238, 260, 307, 365, 518, 546, 613, 657, 659, 736, 816, 876, 886, 960]",0.961239,0.001103
serie_3,44,"[68, 237, 341, 348, 354, 430, 513, 530, 607, 613, 737, 845, 879, 882, 933, 943, 968, 971, 999]",0.955158,0.001047
serie_3,45,"[77, 88, 127, 233, 266, 321, 337, 344, 429, 508, 516, 577, 702, 732, 772, 778, 824, 885, 906]",0.959530,0.001044
serie_3,46,"[24, 82, 112, 126, 131, 186, 218, 280, 291, 300, 407, 429, 527, 552, 599, 615, 657, 690, 912]",0.956402,0.001062
serie_3,47,"[11, 81, 174, 203, 283, 387, 404, 425, 502, 649, 674, 712, 722, 745, 769, 811, 848, 853, 866]",0.956038,0.001037
serie_3,48,"[12, 53, 78, 105, 225, 334, 406, 420, 449, 481, 494, 547, 592, 628, 699, 724, 776, 859, 987]",0.955004,0.001028
serie_3,49,"[22, 112, 171, 252, 274, 295, 315, 373, 502, 581, 642, 646, 696, 705, 722, 815, 819, 932, 944]",0.960008,0.001090
serie_3,50,"[37, 59, 70, 142, 147, 199, 330, 482, 510, 537, 566, 572, 644, 726, 732, 785, 817, 963, 989]",0.960434,0.001030
serie_3,51,"[75, 136, 158, 191, 199, 239, 259, 365, 397, 607, 619, 634, 669, 760, 784, 833, 920, 934, 949]",0.964293,0.001035
serie_3,52,"[20, 88, 311, 344, 374, 454, 501, 574, 576, 638, 642, 646, 654, 668, 672, 851, 920, 939, 993]",0.953409,0.001033
serie_3,53,"[78, 121, 179, 279, 281, 316, 369, 501, 503, 598, 735, 776, 843, 876, 904, 918, 971, 990, 998]",0.957765,0.001040
serie_3,54,"[19, 32, 94, 154, 270, 287, 364, 404, 485, 538, 684, 717, 721, 751, 827, 863, 866, 868, 993]",0.959116,0.001037
serie_3,55,"[127, 150, 176, 256, 271, 286, 357, 398, 510, 524, 587, 601, 631, 687, 728, 845, 879, 937, 944]",0.962403,0.001040
serie_3,56,"[126, 288, 337, 347, 354, 366, 424, 468, 471, 486, 487, 533, 536, 606, 616, 642, 689, 745, 940]",0.961706,0.001039
serie_3,57,"[11, 60, 79, 172, 178, 201, 233, 271, 287, 342, 377, 640, 677, 691, 780, 801, 838, 841, 978]",0.960813,0.001058
serie_3,58,"[36, 49, 79, 141, 142, 143, 166, 269, 343, 400, 453, 466, 549, 566, 670, 780, 857, 919, 997]",0.962701,0.001050
serie_3,59,"[3, 105, 110, 131, 149, 182, 219, 266, 361, 371, 396, 463, 623, 643, 705, 757, 844, 942, 960]",0.962880,0.001061
serie_3,60,"[82, 127, 164, 169, 363, 435, 490, 565, 581, 597, 656, 707, 736, 748, 782, 856, 890, 918, 977]",0.960805,0.001044
serie_3,61,"[71, 150, 152, 171, 181, 424, 435, 480, 522, 630, 642, 730, 764, 821, 826, 827, 870, 962, 987]",0.956748,0.001055
serie_3,62,"[8, 17, 19, 99, 100, 115, 379, 525, 528, 545, 556, 599, 671, 766, 850, 917, 938, 941, 976]",0.957628,0.001062
serie_3,63,"[19, 50, 78, 85, 157, 215, 236, 293, 349, 373, 438, 524, 532, 684, 691, 810, 819, 885, 987]",0.959592,0.001031
serie_3,64,"[30, 50, 83, 171, 281, 301, 391, 394, 409, 445, 458, 528, 530, 564, 571, 699, 715, 727, 938]",0.960841,0.001031
serie_3,65,"[98, 125, 150, 175, 268, 303, 368, 400, 429, 724, 809, 830, 908, 941, 956, 957, 959, 960, 984]",0.958470,0.001059
serie_3,66,"[15, 150, 196, 214, 379, 450, 459, 466, 583, 603, 611, 657, 674, 706, 778, 808, 812, 850, 992]",0.959662,0.001035
serie_3,67,"[115, 150, 171, 227, 237, 366, 373, 380, 388, 451, 566, 660, 687, 718, 725, 778, 794, 918, 973]",0.959359,0.001024
serie_3,68,"[47, 117, 180, 200, 325, 334, 523, 525, 550, 618, 629, 749, 754, 795, 808, 816, 822, 845, 901]",0.957285,0.001026
serie_3,69,"[26, 65, 95, 142, 252, 274, 333, 376, 463, 481, 492, 549, 577, 633, 752, 898, 927, 932, 999]",0.955478,0.001029
serie_3,70,"[83, 139, 165, 168, 220, 302, 335, 398, 404, 471, 478, 561, 577, 654, 736, 912, 914, 929, 935]",0.960203,0.001055
serie_3,71,"[169, 237, 298, 308, 323, 354, 413, 479, 561, 576, 638, 685, 688, 693, 749, 778, 881, 901, 916]",0.964131,0.001051
serie_3,72,"[84, 128, 131, 147, 156, 191, 233, 274, 339, 340, 383, 415, 620, 648, 690, 783, 864, 879, 888]",0.963981,0.001047
serie_3,73,"[67, 69, 106, 150, 333, 475, 599, 644, 648, 661, 710, 729, 738, 830, 889, 946, 959, 976, 984]",0.955959,0.001050
serie_3,74,"[93, 96, 101, 169, 199, 208, 266, 291, 308, 366, 373, 524, 571, 629, 655, 695, 853, 900, 965]",0.960158,0.001065
serie_3,75,"[11, 173, 286, 446, 501, 626, 627, 679, 709, 712, 803, 820, 821, 859, 868, 894, 904, 916, 951]",0.958076,0.001047
serie_3,76,"[109, 253, 274, 278, 328, 332, 382, 403, 437, 532, 574, 682, 711, 778, 784, 790, 839, 872, 887]",0.961229,0.001048
serie_3,77,"[27, 72, 90, 136, 156, 225, 480, 524, 525, 556, 659, 667, 688, 771, 779, 830, 944, 974, 980]",0.961750,0.001031
serie_3,78,"[2, 107, 238, 279, 432, 556, 602, 611, 625, 667, 824, 838, 846, 855, 861, 864, 902, 924, 969]",0.955985,0.001051
serie_3,79,"[23, 143, 166, 229, 243, 292, 360, 368, 374, 540, 558, 648, 720, 762, 808, 845, 915, 945, 966]",0.956694,0.001042
serie_3,80,"[9, 22, 199, 223, 388, 494, 507, 524, 531, 535, 541, 548, 600, 695, 805, 826, 841, 913, 965]",0.959591,0.001033
serie_3,81,"[9, 63, 85, 118, 168, 178, 256, 272, 279, 385, 455, 599, 620, 650, 730, 804, 892, 956, 992]",0.958510,0.001040
serie_3,82,"[15, 17, 19, 36, 116, 136, 242, 279, 290, 333, 403, 579, 709, 747, 818, 849, 884, 920, 948]",0.961530,0.001051
serie_3,83,"[27, 54, 63, 79, 120, 148, 222, 261, 377, 390, 625, 629, 668, 675, 702, 720, 724, 779, 902]",0.962176,0.001032
serie_3,84,"[46, 80, 90, 136, 141, 326, 330, 485, 569, 571, 649, 691, 779, 802, 846, 866, 894, 920, 978]",0.964253,0.001033
serie_3,85,"[126, 144, 162, 219, 238, 248, 259, 337, 383, 384, 451, 475, 525, 538, 761, 780, 789, 859, 896]",0.958146,0.001031
serie_3,86,"[157, 244, 270, 287, 299, 504, 511, 514, 518, 607, 610, 635, 643, 705, 862, 919, 934, 944, 987]",0.960575,0.001044
serie_3,87,"[97, 252, 286, 289, 303, 417, 510, 520, 592, 695, 699, 718, 730, 735, 812, 884, 913, 996, 997]",0.964227,0.001038
serie_3,88,"[93, 245, 251, 289, 352, 386, 496, 506, 533, 540, 559, 577, 660, 741, 770, 785, 793, 856, 962]",0.964256,0.001045
serie_3,89,"[87, 113, 268, 307, 348, 350, 380, 454, 463, 487, 524, 548, 571, 594, 661, 671, 678, 723, 791]",0.959278,0.001053
serie_3,90,"[98, 129, 137, 160, 190, 211, 248, 291, 302, 413, 435, 471, 527, 686, 701, 728, 796, 812, 986]",0.961407,0.001044
serie_3,91,"[66, 75, 82, 281, 308, 312, 348, 412, 506, 571, 575, 607, 620, 628, 702, 705, 706, 722, 796]",0.960763,0.001032
serie_3,92,"[12, 22, 159, 202, 300, 404, 422, 425, 481, 499, 514, 671, 773, 783, 873, 925, 956, 977, 979]",0.951630,0.001034
serie_3,93,"[12, 15, 18, 101, 178, 219, 421, 543, 551, 554, 596, 609, 642, 644, 710, 764, 770, 795, 907]",0.959997,0.001039
serie_3,94,"[6, 124, 184, 240, 297, 300, 310, 404, 426, 467, 557, 591, 615, 624, 659, 891, 948, 954, 988]",0.957920,0.001050
serie_3,95,"[14, 265, 313, 321, 400, 497, 500, 511, 556, 625, 642, 659, 801, 831, 884, 890, 895, 908, 927]",0.956354,0.001052
serie_3,96,"[75, 123, 164, 362, 389, 390, 425, 481, 538, 578, 614, 672, 677, 679, 720, 784, 857, 890, 903]",0.957887,0.001026
serie_3,97,"[32, 85, 90, 142, 286, 345, 381, 431, 463, 486, 510, 553, 583, 595, 666, 756, 798, 912, 979]",0.962453,0.001057
serie_3,98,"[86, 154, 176, 252, 255, 376, 434, 451, 468, 522, 558, 580, 612, 628, 653, 723, 936, 963, 970]",0.958532,0.001032
serie_3,99,"[155, 202, 213, 225, 243, 273, 321, 354, 363, 443, 453, 582, 717, 753, 858, 934, 954, 970, 972]",0.957621,0.001032
serie_3,100,"[27, 62, 116, 137, 181, 273, 283, 307, 326, 493, 554, 557, 721, 778, 823, 824, 825, 849, 859]",0.962598,0.001036
serie_4,1,"[59, 115, 166, 170, 174, 188, 202, 238, 273, 306, 311, 315, 332, 344, 349, 367, 386, 393, 397, 400, 425, 459, 474, 491, 504, 518, 549, 564, 582, 596, 653, 665, 713, 738, 744, 766, 777, 781, 818, 821, 828, 841, 869, 891, 906, 910, 941, 942, 944]",1.559616,0.001818
serie_4,2,"[18, 29, 37, 42, 64, 84, 123, 151, 164, 186, 219, 221, 231, 242, 258, 318, 336, 361, 390, 391, 434, 450, 481, 489, 536, 546, 608, 667, 675, 676, 709, 711, 729, 734, 781, 792, 793, 802, 811, 815, 825, 828, 850, 851, 871, 914, 952, 965, 967]",1.560400,0.001738
serie_4,3,"[7, 30, 61, 79, 99, 108, 117, 155, 168, 189, 199, 211, 271, 275, 286, 316, 332, 351, 363, 365, 366, 385, 428, 484, 502, 524, 542, 552, 588, 621, 625, 637, 653, 657, 694, 715, 716, 722, 765, 811, 834, 850, 876, 900, 910, 917, 960, 978, 980]",1.560794,0.002114
serie_4,4,"[29, 39, 60, 135, 137, 141, 144, 166, 193, 201, 203, 222, 292, 304, 322, 326, 338, 344, 348, 362, 389, 493, 505, 507, 552, 579, 605, 636, 652, 659, 662, 663, 674, 695, 701, 727, 744, 767, 772, 787, 830, 857, 877, 879, 900, 908, 926, 964, 980]",1.562623,0.001817
serie_4,5,"[16, 46, 81, 86, 93, 94, 130, 143, 152, 163, 192, 226, 228, 236, 254, 275, 281, 285, 330, 388, 417, 426, 495, 497, 518, 520, 542, 567, 575, 579, 584, 597, 608, 727, 728, 737, 738, 753, 806, 850, 897, 915, 931, 932, 937, 940, 961, 971, 985]",1.551305,0.001767
serie_4,6,"[11, 48, 81, 96, 129, 154, 156, 163, 196, 216, 222, 249, 292, 363, 369, 385, 389, 395, 450, 457, 503, 526, 530, 554, 586, 598, 641, 644, 679, 692, 695, 706, 743, 770, 779, 784, 824, 829, 830, 845, 850, 860, 917, 923, 924, 932, 946, 978, 986]",1.575960,0.001735
serie_4,7,"[5, 6, 15, 33, 34, 36, 40, 48, 58, 86, 89, 101, 145, 194, 198, 210, 269, 274, 321, 325, 334, 343, 400, 404, 409, 412, 429, 490, 528, 550, 562, 571, 573, 626, 740, 760, 821, 836, 849, 887, 894, 914, 932, 955, 959, 973, 980, 990, 994]",1.568013,0.001714
serie_4,8,"[19, 39, 51, 62, 107, 158, 168, 210, 254, 292, 314, 405, 407, 423, 442, 467, 485, 489, 500, 506, 516, 523, 563, 576, 606, 620, 625, 658, 677, 695, 743, 758, 763, 790, 798, 803, 834, 845, 853, 861, 865, 869, 872, 889, 899, 917, 930, 959, 968]",1.557335,0.001711
serie_4,9,"[76, 111, 113, 152, 158, 159, 174, 193, 203, 204, 214, 215, 271, 309, 312, 318, 367, 424, 433, 477, 478, 480, 481, 483, 487, 505, 521, 533, 548, 588, 601, 626, 635, 652, 687, 688, 697, 724, 780, 791, 793, 852, 892, 905, 907, 917, 932, 938, 959]",1.576913,0.001698
serie_4,10,"[5, 60, 66, 85, 96, 99, 144, 152, 167, 206, 232, 247, 248, 278, 279, 281, 289, 291, 300, 312, 319, 379, 385, 439, 458, 461, 484, 511, 533, 542, 591, 592, 605, 635, 643, 686, 702, 719, 759, 789, 811, 837, 845, 865, 868, 958, 964, 969, 973]",1.592765,0.001744
serie_4,11,"[16, 80, 96, 102, 124, 193, 222, 272, 287, 295, 309, 352, 395, 453, 461, 483, 484, 504, 574, 610, 613, 633, 648, 658, 665, 683, 685, 699, 709, 718, 731, 734, 736, 747, 756, 766, 791, 795, 806, 807, 867, 876, 907, 939, 965, 970, 977, 992, 993]",1.551237,0.001745
serie_4,12,"[16, 29, 38, 55, 96, 101, 102, 134, 143, 176, 185, 230, 261, 262, 287, 297, 308, 332, 336, 342, 357, 400, 421, 431, 440, 501, 532, 559, 560, 590, 599, 603, 636, 641, 650, 678, 697, 741, 785, 797, 825, 861, 867, 878, 881, 905, 917, 927, 973]",1.581663,0.001741
serie_4,13,"[23, 25, 36, 40, 68, 76, 95, 117, 177, 202, 208, 212, 225, 226, 296, 300, 337, 359, 363, 369, 404, 415, 435, 437, 477, 522, 527, 532, 535, 548, 567, 581, 622, 639, 642, 666, 685, 708, 727, 746, 802, 825, 845, 866, 876, 932, 951, 960, 975]",1.571606,0.001718
serie_4,14,"[11, 14, 35, 38, 39, 45, 52, 61, 70, 108, 115, 157, 162, 178, 196, 200, 218, 226, 273, 286, 324, 327, 329, 376, 379, 380, 382, 385, 406, 437, 452, 510, 513, 612, 643, 686, 699, 728, 744, 774, 780, 790, 856, 857, 874, 877, 881, 959, 977]",1.564314,0.001734
serie_4,15,"[20, 57, 59, 108, 121, 157, 166, 176, 181, 183, 197, 224, 243, 318, 319, 327, 331, 335, 361, 374, 378, 383, 395, 411, 422, 426, 429, 430, 457, 489, 542, 547, 588, 612, 614, 642, 653, 658, 674, 777, 792, 800, 806, 811, 820, 855, 859, 863, 871]",1.567561,0.001693
serie_4,16,"[19, 31, 34, 49, 173, 191, 223, 229, 271, 276, 281, 290, 297, 328, 341, 388, 401, 448, 453, 462, 483, 508, 509, 537, 558, 564, 584, 617, 625, 647, 656, 657, 709, 710, 728, 768, 775, 795, 802, 829, 892, 910, 914, 925, 942, 949, 960, 964, 976]",1.570951,0.001663
serie_4,17,"[27, 30, 49, 74, 81, 114, 152, 179, 195, 215, 217, 265, 273, 315, 326, 346, 387, 396, 411, 432, 451, 475, 567, 589, 620, 630, 642, 675, 677, 682, 688, 712, 748, 802, 805, 834, 862, 867, 873, 888, 902, 903, 917, 949, 951, 960, 975, 976, 984]",1.562732,0.001665
serie_4,18,"[1, 5, 18, 60, 104, 117, 156, 195, 215, 231, 258, 274, 281, 298, 312, 320, 354, 427, 448, 467, 476, 480, 481, 495, 523, 528, 620, 630, 675, 678, 699, 704, 724, 750, 753, 782, 807, 868, 882, 907, 919, 920, 924, 928, 938, 945, 963, 969, 984]",1.575212,0.001745
serie_4,19,"[21, 37, 46, 47, 75, 80, 122, 145, 154, 168, 174, 177, 208, 220, 228, 231, 239, 245, 248, 344, 387, 397, 414, 435, 470, 475, 487, 527, 534, 561, 577, 599, 620, 621, 697, 711, 751, 771, 809, 827, 835, 851, 858, 870, 922, 942, 962, 965, 994]",1.570853,0.001713
serie_4,20,"[60, 98, 132, 154, 170, 177, 185, 186, 220, 234, 266, 272, 308, 332, 347, 372, 375, 383, 411, 435, 475, 547, 611, 640, 679, 692, 725, 748, 752, 761, 769, 797, 814, 841, 845, 861, 864, 873, 905, 911, 918, 919, 929, 933, 946, 969, 973, 983, 993]",1.577708,0.001716
serie_4,21,"[8, 57, 91, 104, 120, 145, 155, 171, 172, 209, 222, 234, 271, 294, 368, 374, 375, 425, 448, 459, 460, 481, 525, 537, 553, 554, 556, 558, 571, 594, 637, 643, 670, 678, 680, 694, 700, 706, 728, 731, 773, 777, 796, 798, 855, 902, 930, 953, 986]",1.586701,0.001716
serie_4,22,"[29, 38, 62, 66, 119, 147, 158, 196, 198, 210, 225, 261, 283, 307, 330, 339, 350, 353, 364, 370, 416, 421, 427, 482, 519, 524, 528, 532, 576, 595, 602, 639, 672, 688, 697, 722, 727, 785, 827, 857, 867, 881, 910, 934, 949, 975, 984, 994, 997]",1.572158,0.001718
serie_4,23,"[1, 15, 19, 21, 80, 120, 198, 223, 260, 270, 279, 287, 319, 346, 356, 373, 388, 392, 414, 418, 436, 541, 564, 572, 577, 601, 620, 645, 688, 690, 696, 701, 712, 729, 766, 768, 809, 842, 852, 870, 873, 876, 878, 884, 892, 902, 916, 929, 983]",1.563454,0.001735
serie_4,24,"[20, 31, 69, 83, 84, 86, 89, 98, 106, 135, 183, 196, 198, 213, 231, 281, 292, 353, 369, 383, 387, 417, 444, 462, 555, 557, 581, 599, 601, 608, 653, 705, 714, 758, 780, 785, 798, 865, 867, 881, 888, 895, 915, 920, 943, 961, 991, 993, 998]",1.575253,0.001729
serie_4,25,"[55, 79, 95, 96, 108, 127, 143, 157, 186, 195, 244, 256, 290, 319, 323, 353, 380, 397, 403, 411, 459, 494, 500, 514, 517, 523, 524, 533, 553, 567, 582, 585, 593, 602, 630, 634, 664, 749, 770, 808, 810, 843, 921, 955, 962, 973, 975, 996, 999]",1.557554,0.001724
serie_4,26,"[22, 28, 36, 38, 49, 74, 126, 134, 166, 180, 260, 274, 284, 289, 291, 297, 325, 360, 373, 386, 402, 431, 547, 548, 589, 592, 604, 610, 633, 640, 641, 649, 651, 652, 761, 764, 776, 795, 811, 881, 888, 899, 904, 908, 952, 960, 962, 965, 991]",1.586619,0.001735
serie_4,27,"[1, 2, 9, 17, 47, 58, 82, 152, 175, 201, 234, 273, 289, 297, 320, 330, 359, 461, 496, 507, 537, 551, 573, 577, 578, 625, 647, 667, 681, 700, 709, 746, 776, 794, 833, 838, 840, 858, 865, 888, 891, 899, 920, 921, 924, 967, 971, 978, 985]",1.568983,0.001720
serie_4,28,"[22, 26, 31, 40, 74, 85, 107, 116, 184, 199, 208, 219, 237, 258, 285, 289, 368, 381, 399, 410, 438, 444, 459, 482, 491, 519, 554, 572, 583, 640, 645, 651, 664, 725, 752, 767, 792, 800, 802, 808, 827, 865, 883, 898, 907, 931, 933, 954, 980]",1.557747,0.001731
serie_4,29,"[22, 23, 78, 84, 100, 132, 137, 151, 158, 181, 212, 230, 235, 240, 287, 301, 349, 371, 441, 459, 462, 481, 489, 533, 584, 625, 721, 722, 740, 747, 756, 773, 780, 790, 797, 816, 820, 825, 833, 855, 882, 934, 936, 949, 960, 965, 974, 993, 999]",1.577651,0.001739
serie_4,30,"[21, 39, 66, 98, 106, 117, 152, 162, 193, 209, 217, 277, 283, 308, 322, 329, 338, 342, 352, 355, 362, 365, 454, 484, 488, 497, 506, 528, 532, 559, 587, 597, 627, 667, 668, 675, 679, 717, 731, 735, 751, 764, 776, 802, 845, 859, 869, 922, 995]",1.560332,0.001766
serie_4,31,"[33, 56, 70, 76, 78, 92, 106, 129, 134, 184, 203, 218, 219, 236, 273, 280, 293, 309, 324, 337, 390, 412, 444, 451, 465, 471, 511, 517, 527, 541, 570, 572, 584, 587, 595, 597, 624, 688, 705, 725, 770, 797, 804, 901, 915, 929, 968, 986, 996]",1.565133,0.001832
serie_4,32,"[10, 20, 66, 101, 106, 147, 223, 227, 233, 258, 265, 292, 326, 368, 379, 386, 391, 401, 444, 451, 483, 505, 506, 534, 551, 556, 569, 583, 589, 591, 594, 599, 631, 640, 647, 660, 661, 675, 684, 731, 757, 758, 762, 797, 841, 853, 857, 908, 942]",1.548773,0.001688
serie_4,33,"[36, 62, 67, 78, 90, 92, 97, 98, 102, 105, 110, 112, 114, 121, 157, 204, 246, 271, 272, 341, 350, 352, 394, 457, 498, 504, 511, 582, 583, 597, 625, 644, 662, 664, 698, 729, 731, 733, 798, 802, 835, 837, 886, 888, 917, 955, 967, 969, 995]",1.558459,0.001674
serie_4,34,"[2, 22, 25, 31, 77, 92, 117, 206, 289, 326, 332, 343, 352, 401, 418, 450, 468, 530, 544, 557, 564, 569, 581, 623, 633, 659, 663, 700, 707, 709, 740, 750, 758, 769, 791, 805, 808, 813, 823, 828, 829, 835, 886, 891, 917, 919, 944, 968, 979]",1.552186,0.001784
serie_4,35,"[2, 8, 33, 92, 129, 159, 171, 216, 229, 253, 266, 292, 298, 325, 326, 331, 383, 385, 403, 404, 410, 416, 419, 494, 573, 584, 622, 642, 669, 682, 688, 695, 742, 763, 765, 789, 811, 818, 822, 831, 862, 909, 917, 921, 923, 933, 947, 962, 979]",1.570234,0.001735
serie_4,36,"[29, 107, 108, 133, 158, 166, 181, 195, 209, 219, 228, 300, 352, 366, 367, 383, 423, 426, 469, 485, 495, 530, 532, 545, 591, 616, 631, 646, 657, 659, 710, 713, 728, 762, 788, 820, 836, 838, 868, 882, 886, 890, 892, 909, 916, 938, 953, 955, 961]",1.578923,0.001758
serie_4,37,"[10, 35, 37, 41, 52, 66, 74, 81, 116, 125, 162, 217, 235, 243, 301, 327, 336, 341, 381, 390, 409, 414, 415, 443, 449, 482, 485, 506, 533, 560, 574, 589, 591, 600, 634, 650, 659, 693, 757, 762, 770, 782, 805, 852, 854, 886, 964, 965, 994]",1.571217,0.001715
serie_4,38,"[11, 17, 22, 52, 53, 74, 93, 99, 120, 147, 161, 186, 188, 192, 201, 288, 291, 296, 344, 347, 352, 358, 361, 365, 397, 398, 414, 509, 510, 515, 517, 535, 545, 564, 595, 614, 629, 631, 675, 701, 750, 767, 805, 820, 824, 845, 874, 900, 902]",1.581256,0.001730
serie_4,39,"[15, 42, 76, 116, 142, 146, 155, 181, 204, 238, 247, 279, 284, 310, 320, 321, 335, 342, 361, 385, 387, 411, 412, 519, 531, 545, 552, 555, 579, 581, 602, 608, 622, 623, 630, 638, 649, 663, 687, 717, 762, 839, 873, 878, 893, 923, 942, 960, 983]",1.579885,0.001721
serie_4,40,"[44, 71, 77, 78, 80, 112, 122, 145, 206, 229, 246, 279, 283, 290, 341, 370, 389, 463, 486, 503, 505, 517, 525, 561, 568, 573, 612, 627, 628, 653, 664, 668, 699, 709, 713, 723, 739, 752, 753, 756, 762, 788, 805, 894, 897, 952, 955, 957, 980]",1.550984,0.001712
serie_4,41,"[1, 10, 37, 52, 74, 96, 106, 130, 132, 173, 185, 212, 221, 303, 321, 349, 367, 383, 395, 412, 413, 436, 445, 479, 494, 504, 510, 514, 604, 622, 646, 650, 665, 669, 682, 730, 756, 828, 849, 871, 889, 904, 908, 911, 923, 932, 934, 945, 986]",1.571063,0.001715
serie_4,42,"[11, 14, 18, 40, 45, 76, 90, 101, 105, 120, 124, 131, 170, 171, 197, 206, 221, 233, 264, 368, 375, 376, 388, 396, 437, 468, 491, 603, 613, 633, 635, 640, 660, 670, 676, 715, 740, 746, 795, 823, 874, 899, 901, 914, 915, 917, 962, 980, 999]",1.568278,0.001721
serie_4,43,"[31, 87, 102, 103, 109, 121, 127, 128, 150, 184, 218, 232, 242, 249, 303, 310, 355, 385, 388, 400, 419, 422, 448, 531, 546, 550, 572, 591, 592, 614, 623, 627, 633, 634, 645, 671, 727, 732, 762, 770, 821, 837, 842, 872, 874, 887, 932, 950, 984]",1.563984,0.001727
serie_4,44,"[13, 47, 78, 84, 91, 103, 124, 136, 142, 154, 199, 200, 201, 204, 275, 289, 296, 302, 303, 308, 310, 418, 423, 475, 535, 559, 560, 565, 616, 656, 657, 677, 685, 691, 723, 736, 737, 749, 785, 787, 817, 837, 838, 866, 904, 922, 938, 941, 998]",1.578156,0.001709
serie_4,45,"[13, 56, 76, 99, 121, 127, 150, 156, 163, 180, 186, 195, 244, 278, 307, 339, 343, 345, 351, 363, 391, 430, 437, 483, 545, 578, 585, 589, 629, 647, 664, 677, 693, 705, 722, 740, 776, 782, 811, 817, 841, 848, 901, 906, 917, 961, 967, 983, 987]",1.573867,0.001768
serie_4,46,"[16, 54, 60, 152, 159, 174, 186, 200, 246, 256, 265, 278, 294, 296, 303, 318, 330, 344, 369, 374, 380, 416, 419, 433, 439, 473, 515, 550, 631, 651, 669, 677, 686, 690, 759, 766, 767, 785, 809, 820, 826, 828, 840, 865, 905, 922, 927, 982, 999]",1.568334,0.001730
serie_4,47,"[18, 28, 37, 46, 66, 80, 162, 220, 230, 239, 247, 314, 376, 377, 379, 389, 398, 403, 405, 408, 414, 416, 417, 420, 426, 472, 502, 508, 523, 525, 549, 560, 577, 584, 588, 603, 700, 716, 722, 756, 764, 780, 796, 798, 829, 863, 870, 884, 958]",1.568648,0.001715
serie_4,48,"[9, 56, 73, 84, 86, 126, 131, 187, 190, 210, 230, 261, 263, 274, 281, 330, 395, 448, 458, 465, 470, 510, 561, 572, 575, 596, 610, 621, 640, 671, 676, 679, 721, 734, 738, 793, 805, 847, 852, 854, 866, 879, 907, 925, 931, 941, 953, 966, 983]",1.554258,0.001733
serie_4,49,"[30, 88, 97, 114, 117, 142, 173, 191, 216, 266, 299, 301, 326, 332, 354, 374, 382, 387, 391, 418, 421, 478, 486, 492, 537, 542, 608, 612, 624, 628, 647, 655, 690, 725, 728, 777, 781, 791, 802, 846, 896, 901, 919, 928, 933, 950, 974, 992, 997]",1.552474,0.001684
serie_4,50,"[5, 25, 47, 53, 62, 71, 72, 120, 125, 153, 160, 166, 245, 261, 274, 288, 291, 316, 332, 349, 405, 416, 445, 473, 483, 519, 595, 596, 607, 644, 661, 669, 717, 734, 774, 797, 803, 814, 825, 844, 861, 863, 887, 896, 920, 941, 951, 961, 987]",1.559914,0.001824
serie_4,51,"[1, 10, 11, 21, 24, 37, 60, 111, 137, 186, 191, 200, 235, 245, 275, 297, 318, 327, 339, 412, 419, 442, 449, 458, 475, 480, 510, 596, 627, 630, 649, 655, 658, 680, 720, 721, 741, 759, 773, 801, 809, 828, 835, 844, 856, 868, 871, 950, 998]",1.573969,0.001671
serie_4,52,"[3, 23, 32, 40, 50, 90, 92, 103, 109, 132, 152, 158, 161, 169, 197, 248, 284, 298, 306, 320, 356, 382, 394, 407, 436, 446, 469, 490, 550, 566, 571, 602, 608, 609, 623, 624, 642, 694, 739, 777, 801, 815, 897, 913, 921, 941, 942, 944, 955]",1.575492,0.001759
serie_4,53,"[14, 69, 86, 93, 103, 115, 172, 174, 180, 202, 209, 216, 235, 298, 299, 310, 312, 313, 328, 333, 351, 381, 396, 403, 414, 424, 461, 485, 561, 564, 568, 575, 618, 642, 648, 687, 693, 774, 785, 805, 831, 846, 857, 862, 872, 916, 932, 948, 951]",1.558756,0.001920
serie_4,54,"[11, 22, 48, 67, 75, 90, 106, 239, 262, 294, 300, 321, 324, 329, 377, 381, 391, 397, 485, 491, 503, 506, 523, 536, 543, 554, 562, 667, 673, 681, 686, 698, 714, 733, 748, 776, 778, 806, 810, 825, 839, 843, 864, 879, 945, 953, 969, 975, 995]",1.546328,0.001743
serie_4,55,"[33, 34, 52, 60, 61, 88, 124, 172, 190, 196, 211, 251, 306, 346, 355, 381, 435, 437, 440, 455, 464, 471, 486, 510, 524, 567, 595, 600, 606, 609, 662, 674, 780, 795, 804, 806, 818, 840, 870, 885, 907, 919, 937, 958, 968, 979, 982, 992, 999]",1.563253,0.001711
serie_4,56,"[3, 36, 41, 51, 63, 96, 125, 183, 208, 219, 242, 247, 261, 283, 293, 298, 307, 309, 357, 367, 372, 394, 463, 465, 483, 484, 490, 582, 591, 594, 622, 634, 637, 644, 694, 711, 714, 731, 732, 765, 777, 814, 866, 884, 885, 900, 923, 966, 991]",1.572418,0.001726
serie_4,57,"[11, 17, 20, 42, 46, 75, 133, 139, 157, 202, 218, 219, 251, 274, 285, 287, 288, 320, 377, 381, 394, 414, 419, 488, 560, 588, 597, 598, 600, 612, 648, 649, 662, 680, 682, 705, 738, 739, 744, 748, 749, 768, 783, 797, 809, 842, 883, 964, 971]",1.576618,0.001735
serie_4,58,"[10, 23, 47, 86, 94, 112, 128, 129, 131, 194, 196, 202, 207, 234, 265, 291, 297, 313, 339, 375, 396, 409, 411, 413, 421, 423, 430, 466, 484, 492, 523, 681, 703, 716, 720, 727, 763, 776, 818, 836, 844, 846, 861, 891, 910, 913, 940, 944, 993]",1.582357,0.001730
serie_4,59,"[3, 11, 28, 38, 64, 82, 135, 152, 188, 197, 220, 233, 255, 316, 330, 350, 355, 383, 441, 443, 446, 494, 514, 545, 549, 566, 600, 603, 604, 610, 613, 616, 670, 684, 713, 755, 790, 791, 799, 852, 856, 875, 895, 910, 919, 974, 978, 982, 984]",1.587382,0.001727
serie_4,60,"[8, 9, 84, 102, 142, 190, 204, 208, 254, 257, 268, 291, 292, 312, 318, 348, 350, 351, 355, 359, 430, 453, 459, 512, 514, 532, 554, 557, 591, 600, 603, 610, 627, 648, 715, 739, 744, 784, 799, 814, 853, 856, 862, 890, 897, 903, 907, 975, 977]",1.565588,0.001661
serie_4,61,"[1, 5, 33, 79, 96, 108, 113, 126, 134, 150, 189, 206, 226, 237, 238, 241, 256, 282, 319, 322, 331, 369, 395, 399, 452, 469, 481, 482, 484, 488, 512, 516, 518, 554, 589, 594, 634, 641, 701, 704, 724, 740, 757, 791, 846, 855, 942, 964, 999]",1.558773,0.001760
serie_4,62,"[4, 5, 29, 32, 41, 55, 58, 66, 82, 97, 129, 141, 152, 188, 245, 274, 281, 289, 301, 305, 352, 371, 391, 411, 416, 440, 488, 496, 538, 575, 594, 597, 619, 647, 736, 791, 811, 821, 829, 851, 878, 902, 922, 933, 966, 968, 971, 979, 986]",1.579267,0.001712
serie_4,63,"[2, 5, 14, 41, 46, 50, 89, 101, 108, 127, 185, 221, 240, 241, 250, 272, 275, 288, 305, 334, 356, 389, 393, 395, 425, 443, 449, 526, 528, 550, 553, 606, 618, 645, 649, 655, 684, 688, 689, 726, 877, 894, 899, 905, 929, 948, 970, 976, 998]",1.547758,0.001705
serie_4,64,"[4, 8, 16, 34, 37, 41, 42, 128, 138, 153, 159, 185, 234, 256, 263, 271, 273, 294, 333, 336, 341, 342, 353, 369, 385, 399, 404, 418, 423, 456, 513, 528, 579, 598, 601, 640, 651, 685, 743, 776, 783, 789, 839, 855, 860, 880, 897, 901, 973]",1.580106,0.001745
serie_4,65,"[49, 58, 63, 98, 154, 156, 166, 206, 254, 260, 266, 274, 310, 353, 360, 369, 377, 381, 464, 489, 496, 499, 555, 561, 583, 604, 626, 645, 648, 688, 712, 715, 726, 733, 763, 767, 786, 790, 809, 839, 844, 871, 872, 913, 944, 951, 961, 976, 980]",1.566495,0.001683
serie_4,66,"[66, 82, 87, 91, 99, 103, 121, 129, 193, 198, 199, 208, 260, 283, 326, 339, 346, 354, 372, 395, 480, 559, 568, 577, 602, 608, 622, 652, 659, 663, 671, 674, 678, 699, 700, 713, 721, 790, 807, 819, 823, 830, 835, 839, 852, 893, 919, 923, 925]",1.544162,0.001676
serie_4,67,"[46, 48, 55, 58, 69, 76, 78, 133, 135, 168, 180, 200, 202, 211, 219, 227, 228, 231, 236, 251, 258, 272, 315, 331, 340, 345, 355, 357, 370, 379, 403, 419, 476, 478, 545, 546, 569, 601, 693, 777, 808, 849, 868, 872, 894, 902, 915, 951, 990]",1.583061,0.001663
serie_4,68,"[9, 21, 27, 49, 81, 112, 136, 137, 155, 179, 182, 197, 250, 273, 297, 311, 318, 345, 370, 377, 389, 393, 405, 444, 466, 473, 484, 487, 506, 507, 510, 529, 560, 570, 593, 597, 600, 615, 697, 774, 858, 903, 925, 955, 984, 986, 989, 992, 999]",1.569048,0.001652
serie_4,69,"[3, 18, 20, 25, 53, 64, 75, 79, 102, 138, 156, 164, 253, 257, 262, 278, 314, 377, 380, 386, 423, 428, 437, 458, 474, 488, 533, 549, 573, 577, 581, 608, 626, 671, 676, 699, 716, 766, 775, 785, 786, 799, 808, 845, 931, 950, 955, 957, 983]",1.572617,0.001664
serie_4,70,"[44, 48, 72, 74, 81, 85, 106, 151, 159, 192, 195, 239, 255, 256, 276, 300, 303, 338, 378, 381, 410, 429, 478, 492, 516, 520, 534, 566, 616, 617, 659, 667, 700, 712, 718, 730, 749, 754, 766, 815, 830, 834, 875, 887, 897, 900, 906, 908, 996]",1.565694,0.001742
serie_4,71,"[4, 5, 8, 11, 14, 34, 41, 80, 91, 124, 131, 133, 135, 151, 169, 198, 270, 277, 402, 435, 445, 465, 539, 541, 555, 568, 581, 585, 601, 615, 635, 666, 671, 687, 702, 703, 731, 732, 765, 795, 805, 817, 841, 865, 889, 896, 940, 966, 991]",1.575797,0.001714
serie_4,72,"[24, 78, 81, 104, 109, 126, 138, 184, 188, 196, 225, 235, 247, 292, 302, 318, 330, 331, 371, 384, 427, 441, 451, 452, 465, 475, 498, 556, 563, 606, 614, 622, 634, 642, 647, 698, 717, 743, 772, 787, 845, 850, 858, 884, 890, 893, 906, 908, 991]",1.568576,0.001708
serie_4,73,"[27, 47, 55, 108, 117, 194, 196, 230, 250, 289, 297, 305, 310, 324, 338, 344, 389, 400, 407, 430, 434, 477, 503, 543, 550, 566, 621, 645, 669, 678, 689, 730, 738, 748, 762, 788, 857, 862, 879, 886, 899, 908, 911, 916, 936, 938, 940, 954, 999]",1.569599,0.001717
serie_4,74,"[28, 53, 58, 89, 119, 128, 142, 215, 227, 247, 248, 373, 379, 386, 393, 414, 423, 471, 476, 483, 495, 503, 506, 517, 521, 542, 578, 596, 615, 641, 695, 736, 746, 790, 851, 852, 857, 860, 879, 880, 882, 889, 906, 910, 914, 939, 965, 972, 984]",1.565504,0.001709
serie_4,75,"[6, 17, 39, 83, 117, 130, 147, 224, 272, 284, 292, 301, 307, 316, 336, 368, 384, 415, 437, 444, 460, 466, 492, 495, 517, 524, 529, 533, 553, 554, 580, 583, 590, 619, 624, 628, 638, 660, 674, 688, 700, 772, 826, 839, 861, 878, 883, 945, 983]",1.564297,0.001711
serie_4,76,"[14, 26, 36, 48, 60, 85, 107, 113, 140, 149, 168, 177, 182, 183, 217, 236, 255, 279, 310, 418, 424, 469, 519, 520, 536, 539, 541, 557, 568, 577, 593, 595, 613, 616, 646, 656, 686, 740, 780, 784, 796, 825, 842, 857, 902, 910, 927, 947, 968]",1.579257,0.001678
serie_4,77,"[14, 29, 40, 62, 64, 65, 109, 118, 140, 175, 186, 195, 213, 229, 289, 292, 302, 305, 315, 317, 352, 368, 383, 431, 448, 460, 512, 542, 581, 589, 597, 619, 631, 658, 691, 694, 712, 721, 738, 756, 791, 816, 846, 858, 879, 883, 969, 990, 991]",1.587299,0.001685
serie_4,78,"[36, 47, 86, 109, 118, 145, 160, 163, 183, 213, 219, 261, 264, 284, 305, 306, 310, 343, 382, 397, 406, 408, 481, 513, 527, 528, 529, 571, 586, 590, 599, 616, 617, 677, 713, 737, 778, 781, 811, 842, 847, 850, 851, 920, 922, 925, 933, 941, 992]",1.574431,0.002043
serie_4,79,"[23, 37, 41, 101, 104, 110, 133, 143, 182, 184, 196, 197, 225, 243, 270, 276, 301, 313, 319, 390, 405, 463, 486, 495, 561, 607, 610, 614, 623, 674, 686, 714, 763, 781, 816, 832, 834, 836, 837, 852, 856, 866, 889, 895, 932, 943, 945, 977, 985]",1.555079,0.001730
serie_4,80,"[1, 4, 6, 23, 92, 93, 98, 123, 130, 153, 155, 184, 193, 211, 226, 236, 240, 273, 280, 282, 297, 325, 348, 371, 405, 428, 471, 539, 561, 564, 600, 613, 652, 653, 657, 709, 735, 791, 815, 863, 866, 897, 905, 954, 956, 966, 976, 978, 999]",1.561857,0.001662
serie_4,81,"[18, 24, 48, 61, 62, 87, 118, 134, 138, 160, 197, 267, 288, 306, 312, 317, 319, 328, 354, 357, 371, 373, 412, 413, 482, 509, 514, 518, 525, 585, 620, 634, 680, 703, 721, 732, 742, 790, 805, 838, 855, 859, 879, 885, 892, 893, 952, 959, 969]",1.550685,0.001655
serie_4,82,"[5, 22, 37, 38, 45, 69, 107, 161, 176, 202, 208, 209, 212, 257, 258, 294, 298, 311, 333, 334, 353, 369, 375, 389, 400, 451, 526, 541, 575, 586, 632, 661, 682, 697, 720, 775, 789, 793, 820, 832, 841, 859, 874, 876, 888, 902, 909, 949, 956]",1.578490,0.001682
serie_4,83,"[20, 41, 44, 52, 59, 68, 88, 113, 181, 186, 194, 221, 236, 249, 258, 261, 265, 268, 274, 311, 333, 348, 369, 394, 479, 482, 493, 496, 504, 507, 529, 616, 682, 689, 734, 743, 765, 780, 787, 814, 824, 886, 890, 899, 910, 912, 926, 983, 989]",1.569646,0.001697
serie_4,84,"[15, 33, 62, 64, 98, 114, 118, 133, 159, 160, 162, 243, 259, 279, 282, 302, 308, 309, 332, 356, 374, 378, 385, 442, 455, 456, 491, 497, 542, 557, 604, 616, 620, 627, 628, 666, 685, 687, 691, 719, 764, 767, 776, 781, 915, 953, 962, 996, 999]",1.566129,0.001678
serie_4,85,"[13, 30, 38, 60, 79, 83, 94, 129, 140, 165, 229, 233, 278, 284, 297, 319, 340, 346, 370, 389, 481, 487, 496, 504, 528, 531, 533, 552, 569, 570, 612, 614, 621, 622, 627, 724, 776, 798, 816, 893, 904, 909, 937, 939, 946, 948, 961, 973, 981]",1.577229,0.001677
serie_4,86,"[15, 23, 60, 84, 92, 96, 145, 158, 183, 190, 198, 348, 372, 402, 441, 461, 520, 536, 546, 563, 576, 584, 587, 599, 637, 640, 647, 660, 664, 684, 696, 718, 729, 731, 733, 744, 749, 758, 779, 784, 788, 793, 816, 859, 863, 891, 914, 932, 960]",1.559922,0.001751
serie_4,87,"[3, 9, 17, 39, 52, 87, 91, 117, 129, 138, 141, 184, 201, 207, 214, 261, 310, 318, 325, 335, 376, 385, 434, 451, 455, 473, 507, 510, 589, 595, 597, 692, 702, 764, 779, 793, 804, 807, 812, 814, 818, 842, 848, 877, 893, 906, 926, 945, 979]",1.580352,0.001709
serie_4,88,"[37, 51, 100, 111, 144, 147, 153, 160, 162, 190, 220, 237, 238, 264, 265, 296, 334, 343, 349, 374, 383, 430, 491, 493, 546, 595, 622, 634, 639, 654, 660, 702, 715, 724, 742, 764, 767, 776, 792, 794, 798, 812, 816, 843, 889, 899, 918, 974, 984]",1.559267,0.001711
serie_4,89,"[4, 37, 58, 70, 76, 135, 198, 221, 227, 238, 281, 316, 321, 323, 325, 328, 369, 406, 409, 426, 448, 464, 518, 524, 544, 572, 632, 633, 726, 730, 755, 759, 784, 789, 802, 811, 820, 823, 844, 846, 851, 872, 924, 929, 937, 974, 976, 981, 999]",1.548635,0.001722
serie_4,90,"[5, 7, 16, 25, 42, 56, 59, 98, 115, 186, 192, 225, 282, 297, 301, 335, 338, 411, 442, 455, 478, 522, 526, 537, 544, 562, 586, 587, 628, 647, 662, 693, 694, 701, 705, 712, 726, 757, 778, 818, 825, 836, 893, 895, 903, 921, 931, 953, 984]",1.582697,0.001761
serie_4,91,"[21, 46, 57, 78, 91, 92, 147, 155, 179, 194, 198, 236, 242, 264, 296, 299, 322, 376, 377, 391, 393, 418, 421, 423, 448, 450, 501, 586, 595, 605, 628, 644, 651, 768, 774, 780, 803, 813, 817, 818, 820, 823, 838, 921, 953, 962, 975, 983, 988]",1.571734,0.001691
serie_4,92,"[27, 42, 97, 148, 159, 172, 178, 186, 187, 191, 212, 218, 221, 229, 271, 280, 288, 315, 319, 342, 423, 448, 454, 513, 522, 524, 537, 543, 555, 561, 569, 584, 603, 610, 628, 637, 651, 697, 714, 736, 768, 883, 885, 922, 928, 937, 960, 964, 987]",1.561144,0.001978
serie_4,93,"[10, 15, 23, 41, 57, 69, 85, 89, 94, 105, 135, 180, 186, 242, 272, 294, 310, 360, 361, 376, 380, 439, 440, 452, 484, 491, 506, 516, 540, 564, 572, 625, 651, 662, 664, 677, 682, 696, 718, 750, 788, 818, 820, 866, 867, 948, 953, 954, 987]",1.580169,0.001672
serie_4,94,"[24, 40, 92, 130, 137, 146, 156, 172, 180, 185, 201, 211, 226, 283, 287, 305, 322, 330, 344, 351, 352, 359, 368, 369, 387, 401, 413, 433, 444, 480, 509, 522, 541, 558, 572, 598, 613, 635, 638, 706, 726, 762, 788, 811, 915, 917, 944, 947, 971]",1.570838,0.001675
serie_4,95,"[3, 6, 47, 51, 66, 107, 153, 164, 244, 264, 333, 375, 386, 390, 403, 439, 451, 453, 455, 457, 465, 469, 494, 496, 500, 527, 545, 560, 575, 623, 634, 649, 658, 690, 696, 750, 756, 772, 793, 797, 806, 863, 881, 883, 893, 902, 914, 962, 975]",1.576192,0.001700
serie_4,96,"[6, 9, 20, 53, 57, 67, 114, 129, 137, 149, 155, 214, 226, 251, 274, 277, 290, 293, 297, 338, 408, 425, 440, 502, 522, 528, 533, 534, 589, 597, 601, 608, 609, 639, 694, 708, 739, 752, 821, 843, 901, 910, 914, 920, 922, 943, 947, 956, 989]",1.578941,0.001922
serie_4,97,"[4, 34, 85, 86, 132, 148, 156, 172, 192, 214, 230, 235, 264, 292, 342, 347, 357, 381, 392, 400, 405, 422, 437, 447, 459, 490, 526, 528, 571, 592, 616, 634, 645, 666, 702, 716, 721, 732, 743, 755, 826, 833, 841, 853, 887, 892, 948, 965, 976]",1.559478,0.001763
serie_4,98,"[7, 22, 50, 59, 65, 71, 132, 142, 150, 178, 207, 209, 228, 253, 278, 287, 289, 297, 323, 403, 434, 444, 449, 485, 504, 522, 566, 573, 601, 618, 669, 675, 716, 725, 743, 763, 765, 772, 784, 800, 801, 803, 811, 827, 830, 910, 940, 995, 999]",1.558592,0.001726
serie_4,99,"[37, 40, 49, 66, 95, 115, 121, 166, 210, 221, 239, 242, 298, 328, 341, 342, 344, 352, 372, 373, 392, 393, 394, 399, 442, 449, 493, 515, 532, 566, 578, 613, 635, 637, 691, 698, 711, 760, 774, 807, 861, 865, 867, 883, 892, 902, 913, 957, 998]",1.581739,0.002039
serie_4,100,"[29, 70, 75, 78, 79, 86, 91, 175, 198, 205, 207, 214, 237, 252, 268, 274, 278, 332, 334, 339, 365, 368, 379, 411, 427, 437, 471, 515, 544, 552, 585, 598, 599, 612, 627, 632, 664, 694, 766, 819, 849, 864, 938, 958, 961, 971, 973, 983, 985]",1.568919,0.001725
